<?xml version="1.0" encoding="UTF-8"?>
<project-private xmlns="http://www.netbeans.org/ns/project-private/1">
    <editor-bookmarks xmlns="http://www.netbeans.org/ns/editor-bookmarks/2" lastBookmarkId="0"/>
    <open-files xmlns="http://www.netbeans.org/ns/projectui-open-files/2">
        <group>
            <file>file:/C:/Users/kchan/OneDrive/Documents/NetBeansProjects/university%20management%20system/src/university/management/system/About.java</file>
            <file>file:/C:/Users/kchan/OneDrive/Documents/NetBeansProjects/university%20management%20system/src/university/management/system/StudentLeaveDetails.java</file>
            <file>file:/C:/Users/kchan/OneDrive/Documents/NetBeansProjects/university%20management%20system/src/university/management/system/Splash.java</file>
            <file>file:/C:/Users/kchan/OneDrive/Documents/NetBeansProjects/university%20management%20system/src/university/management/system/AddStudent.java</file>
        </group>
    </open-files>
</project-private>
